131896936	Quadrilocale via A. Perfumo 3, Spinetta Marengo, Alessandria	59000	sale	Quadrilocale	95 m²	4	Alessandria	Via A. Perfumo 3	Alessandria	0
130570730	Trilocale via Paolo Sacco 12, Cristo, Alessandria	93000	sale	Trilocale	90 m²	3	Alessandria	Via Paolo Sacco 12	Alessandria	0
126414043	Trilocale via Montegrappa 57, Piazza Genova, Alessandria	109000	sale	Trilocale	101 m²	3	Alessandria	Via Montegrappa 57	Alessandria	0
131045798	Villa unifamiliare Strada Acqui, Cabanette, Alessandria	299000	sale	Villa unifamiliare	192 m²	4	Alessandria	Strada Acqui	Alessandria	0
125481805	Trilocale via Pontida, Piazza della Libertà, Alessandria	149900	sale	Trilocale	153 m²	3	Alessandria	Via Pontida	Alessandria	0
128672506	Trilocale via Palestro 20, Borgo Rovereto - Piscina, Alessandria	79000	sale	Trilocale	90 m²	3	Alessandria	Via Palestro	Alessandria	0
129836860	Trilocale via Palermo, Pista, Alessandria	80000	sale	Trilocale	73 m²	3	Alessandria	Via Palermo	Alessandria	0
127439700	Trilocale via Marsala 45, Piazza Genova, Alessandria	115000	sale	Trilocale	97 m²	3	Alessandria	Via Marsala 45	Alessandria	0
127238729	Appartamento via Montegrappa 60, Piazza Genova, Alessandria	99000	sale	Appartamento	111 m²	5+	Alessandria	Via Montegrappa 60	Alessandria	0
127343139	Terratetto unifamiliare via Verona 108, Borgo Rovereto - Piscina, Alessandria	145000	sale	Terratetto unifamiliare	278 m²	5	Alessandria	Via Verona 108	Alessandria	0
131045944	Bilocale via Cesare Ferrufini, Borgo Rovereto - Piscina, Alessandria	45000	sale	Bilocale	48 m²	2	Alessandria	Via Cesare Ferrufini	Alessandria	0
128673432	Trilocale via Giovanni Dossena 7, Borgo Rovereto - Piscina, Alessandria	88000	sale	Trilocale	87 m²	3	Alessandria	Via Giovanni Dossena	Alessandria	0
129714902	Quadrilocale Spalto Montebello 121, Castellazzo Bormida	88000	sale	Quadrilocale	128 m²	4	Castellazzo Bormida	Spalto Montebello	Alessandria	0
129390972	Trilocale via Niccolò Machiavelli 8, Piazza della Libertà, Alessandria	59000	sale	Trilocale	79 m²	3	Alessandria	Via Niccolò Machiavelli 8	Alessandria	0
131542924	Villa a schiera via Ferruccio Parri 23, Cristo, Alessandria	170000	sale	Villa a schiera	160 m²	4	Alessandria	Via Ferruccio Parri 23	Alessandria	0
132121980	Trilocale via Fiume, Piazza Genova, Alessandria	89000	sale	Trilocale	92 m²	3	Alessandria	Via Fiume	Alessandria	0
129823996	Trilocale via Gioacchino Rossini 31, Orti, Alessandria	119000	sale	Trilocale	107 m²	3	Alessandria	Via Gioacchino Rossini 31	Alessandria	0
126781315	Trilocale via Mario Maggioli, Cristo, Alessandria	115000	sale	Trilocale	209 m²	3	Alessandria	Via Mario Maggioli	Alessandria	0
114582215	Terratetto unifamiliare via Quargnento, San Michele - Gerlotti, Alessandria	198000	sale	Terratetto unifamiliare	222 m²	5+	Alessandria	Via Quargnento	Alessandria	0
130907364	Bilocale via Luigi Longo, Cristo, Alessandria	57000	sale	Bilocale	45 m²	2	Alessandria	Via Luigi Longo	Alessandria	0
129579848	Trilocale via Alessandro Tonso, Europa, Alessandria	87000	sale	Trilocale	91 m²	3	Alessandria	Via Alessandro Tonso	Alessandria	0
130308154	Terratetto unifamiliare via della Cappelletta 56, Orti, Alessandria	129000	sale	Terratetto unifamiliare	125 m²	3	Alessandria	Via della Cappelletta 56	Alessandria	0
131460572	Trilocale Spalto Gamondio 11, Pista, Alessandria	99000	sale	Trilocale	101 m²	3	Alessandria	Spalto Gamondio 11	Alessandria	0
128053226	Bilocale via Giovanni Scazzola, Cristo, Alessandria	45000	sale	Bilocale	55 m²	2	Alessandria	Via Giovanni Scazzola	Alessandria	0
131045874	Quadrilocale via Marengo, Piazza Genova, Alessandria	85000	sale	Quadrilocale	125 m²	4	Alessandria	Via Marengo	Alessandria	0
131177830	Bilocale via Maria Bensi 96, Cristo, Alessandria	110000	sale	Bilocale	81 m²	2	Alessandria	Via Maria Bensi 96	Alessandria	0
131460882	Trilocale via Marengo 112, Piazza Genova, Alessandria	89000	sale	Trilocale	100 m²	3	Alessandria	Via Marengo 112	Alessandria	0
131592650	Bilocale via Vecchia Torino 9, Cittadella, Alessandria	65000	sale	Bilocale	58 m²	2	Alessandria	Via Vecchia Torino 9	Alessandria	0
131045844	Quadrilocale piazza Valfré, Piazza della Libertà, Alessandria	189000	sale	Quadrilocale	145 m²	4	Alessandria	Piazza Valfré	Alessandria	0
130305806	Quadrilocale via Achille Sclavo 42, Galimberti, Alessandria	99000	sale	Quadrilocale	124 m²	4	Alessandria	Via Achille Sclavo 42	Alessandria	0
131592864	Trilocale via Vecchia Torino 9, Cittadella, Alessandria	85000	sale	Trilocale	76 m²	3	Alessandria	Via Vecchia Torino 9	Alessandria	0
128669834	Trilocale via Alessandro Tonso, Europa, Alessandria	59000	sale	Trilocale	74 m²	3	Alessandria	Via Alessandro Tonso	Alessandria	0
130305580	Trilocale corso Giuseppe Romita 55, Europa, Alessandria	65000	sale	Trilocale	81 m²	3	Alessandria	Corso Giuseppe Romita 55	Alessandria	0
126428947	Trilocale via Medaglie D'Oro, Pista, Alessandria	65000	sale	Trilocale	120 m²	3	Alessandria	Via Medaglie D'Oro	Alessandria	0
123010157	Trilocale via Tortona 86, Piazza Genova, Alessandria	140000	sale	Trilocale	100 m²	3	Alessandria	Via Tortona 86	Alessandria	0
130853462	Villa unifamiliare Strada Menaccia 24, Mandrogne, Alessandria	219000	sale	Villa unifamiliare	200 m²	5+	Alessandria	Strada Menaccia 24	Alessandria	0
130305808	Trilocale via Commerciale 3/26, Galimberti, Alessandria	160000	sale	Trilocale	124 m²	3	Alessandria	Via Commerciale 3/26	Alessandria	0
127238727	Quadrilocale via Trotti 77, Piazza della Libertà, Alessandria	180000	sale	Quadrilocale	140 m²	4	Alessandria	Via Trotti 77	Alessandria	0
126411761	Trilocale via Alessandro Volta 4, Cristo, Alessandria	69000	sale	Trilocale	90 m²	3	Alessandria	Via Alessandro Volta 4	Alessandria	0
131993674	Bilocale via Vincenzo Bellini 2, Orti, Alessandria	65000	sale	Bilocale	70 m²	2	Alessandria	Via Vincenzo Bellini 2	Alessandria	0
121663096	Terratetto unifamiliare via Ramella, San Giuliano, Alessandria	75000	sale	Terratetto unifamiliare	150 m²	2	Alessandria	Via Ramella, San Giuliano	Alessandria	0
128673038	Bilocale via Alessandro Tonso, Europa, Alessandria	58000	sale	Bilocale	65 m²	2	Alessandria	Via Alessandro Tonso	Alessandria	0
131629290	Villa a schiera Strada Cerca 152, Valle San Bartolomeo, Alessandria	129000	sale	Villa a schiera	113 m²	3	Alessandria	Strada Cerca 152	Alessandria	0
124224001	Bilocale via Alessandro Tonso 80, Europa, Alessandria	49000	sale	Bilocale	75 m²	2	Alessandria	Via Alessandro Tonso 80	Alessandria	0
130106332	Bilocale via Ernesto Pistoia 17, Borgo Rovereto - Piscina, Alessandria	56000	sale	Bilocale	80 m²	2	Alessandria	Via Ernesto Pistoia 17	Alessandria	0
117846373	Terratetto unifamiliare via Roma, Casal Cermelli	73000	sale	Terratetto unifamiliare	85 m²	3	Casal Cermelli	Via Roma	Alessandria	0
123271967	Terratetto unifamiliare Strada Acqui, Cabanette, Alessandria	185000	sale	Terratetto unifamiliare	184 m²	4	Alessandria	Strada Acqui	Alessandria	0
132116518	Quadrilocale corso IV Novembre 3, Pista, Alessandria	75000	sale	Quadrilocale	120 m²	4	Alessandria	Corso IV Novembre 3	Alessandria	0
125341711	Trilocale Borgo Città Nuova 70, Pista, Alessandria	160000	sale	Trilocale	90 m²	3	Alessandria	Borgo Città Nuova 70	Alessandria	0
127235749	Quadrilocale via Pontida 56, Piazza della Libertà, Alessandria	139000	sale	Quadrilocale	170 m²	4	Alessandria	Via Pontida 56	Alessandria	0
122909194	Trilocale via Guglielmo Oberdan, Piazza Genova, Alessandria	75000	sale	Trilocale	100 m²	3	Alessandria	Via Guglielmo Oberdan	Alessandria	0
128083172	Trilocale via Giovanni Plana 105, Ospedale, Alessandria	65000	sale	Trilocale	85 m²	3	Alessandria	Via Giovanni Plana 105	Alessandria	0
124497051	Terratetto unifamiliare via Varza 5, Valle San Bartolomeo, Alessandria	125000	sale	Terratetto unifamiliare	230 m²	5+	Alessandria	Via Varza 5	Alessandria	0
122729540	Villa unifamiliare via Camillo Giacchero 8/B, Cascinagrossa, Alessandria	450000	sale	Villa unifamiliare	222 m²	5	Alessandria	Via Camillo Giacchero 8/B	Alessandria	0
122730666	Trilocale via Palestro 30, Borgo Rovereto - Piscina, Alessandria	59000	sale	Trilocale	80 m²	3	Alessandria	Via Palestro 30	Alessandria	0
127735240	Quadrilocale via Cairoli 1, Piazza Genova, Alessandria	125000	sale	Quadrilocale	108 m²	4	Alessandria	Via Cairoli 1	Alessandria	0
128089292	Bilocale via Faà di Bruno Emilio 56, Piazza della Libertà, Alessandria	199000	sale	Bilocale	70 m²	2	Alessandria	Via Faà di Bruno Emilio 56	Alessandria	0
127424775	Trilocale via Alessandro Tonso 5, Europa, Alessandria	169000	sale	Trilocale	100 m²	3	Alessandria	Via Alessandro Tonso 5	Alessandria	0
128089296	Trilocale via Giuseppe Antonio Chenna 36, Piazza della Libertà, Alessandria	169000	sale	Trilocale	135 m²	3	Alessandria	Via Giuseppe Antonio Chenna 36	Alessandria	0
123305085	Trilocale via Giovanni Testone 16, Europa, Alessandria	65000	sale	Trilocale	80 m²	3	Alessandria	Via Giovanni Testone 16	Alessandria	0
127363813	Appartamento Borgo Città Nuova 20, Pista, Alessandria	395000	sale	Appartamento	145 m²	5	Alessandria	Borgo Città Nuova 20	Alessandria	0
128039190	Palazzo - Edificio viale Milite Ignoto, Orti, Alessandria	189000	sale	Palazzo - Edificio	250 m²	5+	Alessandria	Viale Milite Ignoto	Alessandria	0
123492919	Trilocale via Firenze 4, Pista, Alessandria	80000	sale	Trilocale	80 m²	3	Alessandria	Via Firenze 4	Alessandria	0
124387271	Terratetto unifamiliare via Leone Tolstoi 9, Cristo, Alessandria	399000	sale	Terratetto unifamiliare	280 m²	5+	Alessandria	Via Leone Tolstoi 9	Alessandria	0
127880234	Quadrilocale via Piacenza, San Giuliano 12/a, Alessandria	100000	sale	Quadrilocale	100 m²	4	Alessandria	Via Piacenza, San Giuliano 12/a	Alessandria	0
123319411	Locale commerciale via Galileo Galilei 75, Pista, Alessandria	35000	sale	Negozi - Locali commerciali	50 m²	2	Alessandria	Via Galileo Galilei	Alessandria	0
129392400	Bilocale via San Pio V 23, Ospedale, Alessandria	45000	sale	Bilocale	45 m²	2	Alessandria	Via San Pio V 23	Alessandria	0
113747451	Appartamento da ristrutturare, piano terra, Pista, Alessandria	60000	sale	Appartamento	100 m²	5	Alessandria	Via Napoli	Alessandria	0
131993436	Garage - Box piazza Nicola Basile 10, Galimberti, Alessandria	47000	sale	Garage - Box	327 m²		Alessandria	Piazza Nicola Basile 10	Alessandria	0
131248102	Terratetto unifamiliare via Falamera 40, Valle San Bartolomeo, Alessandria	159000	sale	Terratetto unifamiliare	190 m²	4	Alessandria	Via Falamera 40	Alessandria	0
132058480	Bilocale via Fabio Filzi 3, Pista, Alessandria	45000	sale	Bilocale	70 m²	2	Alessandria	Via Fabio Filzi 3	Alessandria	0
