129062064	Quadrilocale via matteotti 21, Centro, Cossato	135000	sale	Quadrilocale	150 m²	4	Cossato	via matteotti	Biella	0
130970630	Appartamento via abruzzi 7, Masarone, Biella	79000	sale	Appartamento	108 m²	5+	Biella	via abruzzi	Biella	0
127487826	Villa unifamiliare corso Limone Piemonte 174, Roverino, Ventimiglia	420000	sale	Villa unifamiliare	150 m²	5+	Ventimiglia	Corso Limone Piemonte	Imperia	0
131572884	Appartamento via Massa 47, Roppolo	120000	sale	Appartamento	100 m²	5	Roppolo	Via Massa	Biella	0
126791715	Terratetto unifamiliare frazione Colongo 27, Valle San Nicolao	79000	sale	Terratetto unifamiliare	240 m²	5+	Valle San Nicolao	Frazione Colongo	Biella	0
131017120	Quadrilocale via Crestani 17, San Biagio, Thes, Biella	55000	sale	Quadrilocale	95 m²	4	Biella	Via Crestani	Biella	0
118840951	Quadrilocale via Fratelli Rosselli 130, San Biagio, Thes, Biella	79000	sale	Quadrilocale	105 m²	4	Biella	Via Fratelli Rosselli	Biella	0
119308817	Appartamento piazza vittorio veneto 12, Centro Storico, Biella	240000	sale	Appartamento	260 m²	5+	Biella	piazza vittorio veneto	Biella	0
118642585	Bilocale via Aurelia 79, La Brezza - Tre Ponti, Sanremo	130000	sale	Bilocale	40 m²	2	Sanremo	Via Aurelia	Imperia	0
129187308	Trilocale via Libertà 41, Vigliano Biellese	55000	sale	Trilocale	70 m²	3	Vigliano Biellese	Via Libertà	Biella	0
117015499	Terratetto unifamiliare via roma 48, Centro, Masserano	29000	sale	Terratetto unifamiliare	800 m²	5+	Masserano	Via roma	Biella	0
130543052	Appartamento via Noveis 3, Centro, Ailoche	42000	sale	Appartamento	157 m²	5+	Ailoche	via Noveis	Biella	0
131904552	Terratetto unifamiliare via Capitan Triverio 54, Bioglio	280000	sale	Terratetto unifamiliare	364 m²	5+	Bioglio	via Capitan Triverio	Biella	0
121719176	Villa a schiera via Dei Monti 26, Vermogno, Zubiena	94000	sale	Villa a schiera	123 m²	5	Zubiena	Via Dei Monti	Biella	0
130039470	Appartamento via Pietro de Mosso 21, Chiavazza, Biella	115000	sale	Appartamento	86 m²	5	Biella	Via Pietro de Mosso	Biella	0
129879072	Appartamento via pietro torrione 23, Vigliano Biellese	58000	sale	Appartamento	75 m²	5	Vigliano Biellese	via pietro torrione	Biella	0
128387312	Appartamento via Graglia 10, Occhieppo Superiore	97000	sale	Appartamento	105 m²	5+	Occhieppo Superiore	Via Graglia	Biella	0
129765512	Appartamento via Cajani 4, San Biagio, Thes, Biella	110000	sale	Appartamento	130 m²	5	Biella	Via Cajani	Biella	0
129680622	Quadrilocale via Villa 68, Occhieppo Inferiore	78000	sale	Quadrilocale	65 m²	4	Occhieppo Inferiore	Via Villa	Biella	0
129765514	Casale via Colorei 17, Quaregna Cerreto	300000	sale	Casale	304 m²	5+	Quaregna Cerreto	via Colorei	Biella	0
127088287	Terratetto unifamiliare Cantone Chiocchetti 6, Chiocchetti Gianadda, Curino	38000	sale	Terratetto unifamiliare	60 m²	3	Curino	Cantone Chiocchetti	Biella	0
129450652	Terratetto unifamiliare via Roma 12, Centro, Campiglia Cervo	25000	sale	Terratetto unifamiliare	166 m²	5+	Campiglia Cervo	Via Roma	Biella	0
129062066	Terratetto plurifamiliare frazione Lora 1, Trivero Prativero Ponzone, Valdilana	49000	sale	Terratetto plurifamiliare	225 m²	5+	Valdilana	Frazione Lora	Biella	0
128575228	Terratetto unifamiliare Cantone Cascina 26, San Martino, Curino	140000	sale	Terratetto unifamiliare	240 m²	5+	Curino	Cantone Cascina	Biella	0
129680624	Trilocale via Pella Remo 115, Centro, Cossato	47000	sale	Trilocale	80 m²	3	Cossato	via Pella Remo	Biella	0
126981941	Terratetto unifamiliare Borgata Marchetto 64, Mosso Santa Maria, Valdilana	37000	sale	Terratetto unifamiliare	120 m²	5+	Valdilana	Borgata Marchetto	Biella	0
129297866	Rustico Località Gallina 1, Donato	270000	sale	Rustico	260 m²	5+	Donato	Località Gallina	Biella	0
105573911	Appartamento frazione Campore 43, Valle Mosso, Valdilana	34000	sale	Appartamento	112 m²	5	Valdilana	Frazione Campore	Biella	0
88819131	Terratetto unifamiliare via Quintino Sella 37, Quaregna Cerreto	230000	sale	Terratetto unifamiliare	179 m²	5+	Quaregna Cerreto	Via Quintino Sella	Biella	0
101973100	Villa unifamiliare via Mondin, Moltedo, Diano San Pietro	620000	sale	Villa unifamiliare	224 m²	5+	Diano San Pietro	Via Mondin	Imperia	0
112474155	Terratetto unifamiliare via Martiri della Libertà 85, Centro, Cossato	165000	sale	Terratetto unifamiliare	203 m²	5+	Cossato	Via Martiri della Libertà	Biella	0
127538766	Trilocale via Annibale Beduglio 10, Dorzano	55000	sale	Trilocale	90 m²	3	Dorzano	Via Annibale Beduglio	Biella	0
128356812	Quadrilocale via Iside Viana 49, Candelo	134000	sale	Quadrilocale	100 m²	4	Candelo	Via Iside Viana	Biella	0
130156438	Villa unifamiliare via IV Novembre 49, Centro, Lessona	550000	sale	Villa unifamiliare	190 m²	5+	Lessona	via IV Novembre	Biella	0
93524356	Terratetto unifamiliare Ricetto, Candelo	100000	sale	Terratetto unifamiliare	100 m²	2	Candelo	Ricetto	Biella	0
108850167	Villa unifamiliare via Aldo Moro, Verrone	348000	sale	Villa unifamiliare	153 m²	4	Verrone	Via Aldo Moro	Biella	0
124619725	Terratetto unifamiliare Borgata Sella 19, Valdilana	33000	sale	Terratetto unifamiliare	115 m²	5	Valdilana	Borgata Sella	Biella	0
124276831	Terratetto unifamiliare via Roma 218, Centro, Campiglia Cervo	57000	sale	Terratetto unifamiliare	360 m²	5+	Campiglia Cervo	Via Roma	Biella	0
92502444	Quadrilocale via Martiri della Libertà 40, Tollegno	129000	sale	Quadrilocale	138 m²	4	Tollegno	Via Martiri della Libertà	Biella	0
125174447	Terratetto unifamiliare via Giuseppe Garibaldi 8, Pianceri Alto, Pray	34000	sale	Terratetto unifamiliare	90 m²	5	Pray	Via Giuseppe Garibaldi	Biella	0
121301316	Terratetto unifamiliare frazione Falletti 18, Falletti Guelpa, Camandona	85000	sale	Terratetto unifamiliare	170 m²	5+	Camandona	Frazione Falletti	Biella	0
126242037	Terratetto unifamiliare via Giuseppe Garibaldi 38, Lozzolo	9500	sale	Terratetto unifamiliare	60 m²	3	Lozzolo	Via Giuseppe Garibaldi	Vercelli	0
123865437	Villa unifamiliare frazione Ponzone 39d, Trivero Prativero Ponzone, Valdilana	259000	sale	Villa unifamiliare	330 m²	5+	Valdilana	Frazione Ponzone	Biella	0
117428091	Appartamento piazza Dante Alighieri 8, Valle Mosso, Valdilana	40000	sale	Appartamento	110 m²	5	Valdilana	Piazza Dante Alighieri	Biella	0
124881015	Terratetto unifamiliare via San Silvestro 31, San Silvestro, Mottalciata	59000	sale	Terratetto unifamiliare	140 m²	5+	Mottalciata	Via San Silvestro	Biella	0
97754632	Terratetto unifamiliare frazione Bozzonetti 22, Masserano	94000	sale	Terratetto unifamiliare	189 m²	5	Masserano	Frazione Bozzonetti	Biella	0
122423436	Villa a schiera Borgata Fantone 3, Canova, Valdilana	78000	sale	Villa a schiera	120 m²	5+	Valdilana	Borgata Fantone	Biella	0
122351056	Villa a schiera frazione Gallo 19, Mino Bonaro Gallo, Camandona	39000	sale	Villa a schiera	124 m²	5+	Camandona	Frazione Gallo	Biella	0
121621302	Rustico Borgata Marchetto, Mosso Santa Maria, Valdilana	25000	sale	Rustico	78 m²	3	Valdilana	Borgata Marchetto	Biella	0
119924042	Terratetto unifamiliare Case Sparse Oropa 76, San Biagio, Thes, Biella	349000	sale	Terratetto unifamiliare	240 m²	5+	Biella	Case Sparse Oropa	Biella	0
123616683	Trilocale via Donato 33, Castellazzo, Netro	25000	sale	Trilocale	87 m²	3	Netro	Via Donato	Biella	0
114864603	Appartamento frazione Gallotto 5, Gallotto, Valle San Nicolao	25000	sale	Appartamento	105 m²	5	Valle San Nicolao	Frazione Gallotto	Biella	0
119283457	Appartamento via per Chiavazza 8, Vigliano Biellese	98000	sale	Appartamento	121 m²	5+	Vigliano Biellese	Via per Chiavazza	Biella	0
117492175	Appartamento via santuario d'Oropa 531, Favaro, Biella	59000	sale	Appartamento	286 m²	5+	Biella	Via santuario d'Oropa	Biella	0
94735214	Rustico Ricetto, Candelo	25000	sale	Rustico	50 m²	2	Candelo	Ricetto	Biella	0
90357049	Rustico frazione Bogna 4, Campiglia Cervo	9900	sale	Rustico	195 m²	1	Campiglia Cervo	Frazione Bogna	Biella	0
113662787	Terratetto plurifamiliare via Edmondo De Amicis 15, Miagliano	55000	sale	Terratetto plurifamiliare	160 m²	5+	Miagliano	Via Edmondo De Amicis	Biella	0
120035580	Villa plurifamiliare Cantone Merletto 1, Graglia	175000	sale	Villa plurifamiliare	429 m²	5+	Graglia	Cantone Merletto	Biella	0
100774663	Mansarda frazione Gallotto 5, Gallotto, Valle San Nicolao	25000	sale	Mansarda	67 m²	3	Valle San Nicolao	Frazione Gallotto	Biella	0
98893514	Trilocale via Maffei, Cossato	12000	sale	Trilocale	87 m²	3	Cossato	Via Maffei	Biella	0
129406346	Villa unifamiliare via Grand'Ufficiale Enrico Triverio 61, Bioglio	109000	sale	Villa unifamiliare	160 m²	3	Bioglio	Via Grand'Ufficiale Enrico Triverio	Biella	0
131383390	Terratetto unifamiliare Casale Roletto 6, Trucchi Rossi Filippi, Zubiena	74000	sale	Terratetto unifamiliare	240 m²	5+	Zubiena	Casale Roletto	Biella	0
129848850	Villa unifamiliare frazione Baltera, Centro, Masserano	184000	sale	Villa unifamiliare	160 m²	5	Masserano	Frazione Baltera	Biella	0
127672198	Terratetto unifamiliare 210 m², ottimo stato, Canova, Valdilana	84000	sale	Terratetto unifamiliare	210 m²	5+	Valdilana	Borgata Canova	Biella	0
131535040	Terratetto unifamiliare via Rovasenda 122, Brusnengo	109000	sale	Terratetto unifamiliare	90 m²	5	Brusnengo	Via Rovasenda	Biella	0
130006260	Villa a schiera via Adolfo Rivetti 20, Muzzano	370000	sale	Villa a schiera	280 m²	5+	Muzzano	Via Adolfo Rivetti	Biella	0
130071304	Trilocale via Barazze 1, Centro, Cossato	38000	sale	Trilocale	85 m²	3	Cossato	Via Barazze	Biella	0
123496383	Villa a schiera via Santuario di Oropa 398, Favaro, Biella	106000	sale	Villa a schiera	210 m²	5+	Biella	Via Santuario di Oropa	Biella	0
131535038	Villa unifamiliare frazione Ponzone 37, Trivero Prativero Ponzone, Valdilana	400000	sale	Villa unifamiliare	300 m²	5+	Valdilana	Frazione Ponzone	Biella	0
131572886	Villa bifamiliare via Pistino 23, Ceresane Curanuova, Mongrando	325000	sale	Villa bifamiliare	606 m²	5+	Mongrando	Via Pistino	Biella	0
120618392	Appartamento via 2 Giugno 36, Zona Industriale, Masserano	69000	sale	Appartamento	120 m²	5	Masserano	Via 2 Giugno	Biella	0
126115499	Terratetto unifamiliare frazione Cerreia 30, Valdilana	79000	sale	Terratetto unifamiliare	360 m²	5+	Valdilana	Frazione Cerreia	Biella	0
102430974	Terratetto unifamiliare Cantone Cagna 15, Castelletto Cervo	25000	sale	Terratetto unifamiliare	103 m²	4	Castelletto Cervo	Cantone Cagna	Biella	0
115402455	Rustico frazione Pizzoglio, Valle San Nicolao	26000	sale	Rustico	100 m²	1	Valle San Nicolao	Frazione Pizzoglio	Biella	0
117306587	Villa unifamiliare Cascina Colombera 1, Masserano	480000	sale	Villa unifamiliare	363 m²	4	Masserano	Cascina Colombera	Biella	0
100848595	Appartamento monte grappa 1, Ceresane Curanuova, Mongrando	24000	sale	Appartamento	300 m²	5+	Mongrando	monte grappa	Biella	0
121186462	Villa unifamiliare Strada Barazzetto Vandorno 71, Vandorno, Biella	395000	sale	Villa unifamiliare	392 m²	5+	Biella	Strada Barazzetto Vandorno	Biella	0
125351201	Terratetto unifamiliare 90 m², da ristrutturare, Masserano	19900	sale	Terratetto unifamiliare	90 m²	3	Masserano	Frazione Bozzonetti	Biella	0
118890131	Terratetto unifamiliare via Bona 50, Zumaglia	25000	sale	Terratetto unifamiliare	100 m²	4	Zumaglia	Via Bona	Biella	0
124912781	Villa unifamiliare frazione Molino, Camandona	29000	sale	Villa unifamiliare	48 m²	3	Camandona	Frazione Molino	Biella	0
117234057	Terratetto unifamiliare 100 m², buono stato, Zumaglia	32000	sale	Terratetto unifamiliare	100 m²	4	Zumaglia		Biella	0
105939137	Mansarda ottimo stato, 70 m², Chiavazza, Biella	60000	sale	Mansarda	70 m²	2	Biella	Via Lorenzo Cucco	Biella	0
129137738	Locale commerciale via Giuseppe Mazzini 70, Centro, Cossato	249000	sale	Negozi - Locali commerciali	338 m²	5+	Cossato	Via Giuseppe Mazzini	Biella	0
127901272	Mansarda via Eugenio Bona 28, Sordevolo	58000	sale	Mansarda	80 m²	2	Sordevolo	Via Eugenio Bona	Biella	0
131083360	Rustico via Piave 25, Ronco Biellese	90000	sale	Rustico	180 m²	5	Ronco Biellese	Via Piave	Biella	0
128542664	Terratetto plurifamiliare via IV Novembre 5, Miagliano	72000	sale	Terratetto plurifamiliare	230 m²	5+	Miagliano	via IV Novembre	Biella	0
118738913	Attività commerciale, Valle Mosso, Valdilana	48000	sale	Negozi - Locali commerciali	44 m²	3	Valdilana	Via Fabbriche	Biella	0
123248191	Attività commerciale via Piero Maffei 435, Centro, Cossato	110000	sale	Negozi - Locali commerciali	55 m²	2	Cossato	Via Piero Maffei	Biella	0
126848585	Attività commerciale viale Giancarlo Pajetta 33, Centro, Cossato	90000	sale	Negozi - Locali commerciali	40 m²	2	Cossato	Viale Giancarlo Pajetta	Biella	0
129218492	Terratetto unifamiliare via Del Condotto 18 A, Graglia	45000	sale	Terratetto unifamiliare	85 m²	5	Graglia	Via del Condotto	Biella	0
118480191	Locale commerciale via Giuseppe Mazzini 8/A, Centro, Cossato	1800	rent	Negozi - Locali commerciali	160 m²	3	Cossato	via Giuseppe Mazzini	Biella	0
126473935	Villa all'asta Case Sparse San Giovanni, Biella	115000	auction	Villa unifamiliare	227 m²	5	Biella	Case Sparse San Giovanni	Biella	0
130907220	Appartamento all'asta via Bergamo 3, Laigueglia	342170	auction	Appartamento	132 m²	5+	Laigueglia	Via Bergamo	Savona	0
130125470	Appartamento via Roma 36, Torrazzo	50000	sale	Appartamento	144 m²	5+	Torrazzo	Via Roma	Biella	0
128944632	Terratetto unifamiliare via Gramsci 6, Pralungo	60000	sale	Terratetto unifamiliare	150 m²	5	Pralungo	via Gramsci	Biella	0
126115497	Terreno agricolo Sp229, Valdilana	42000	sale	Terreno agricolo	200 m²		Valdilana	SP229	Biella	0
92502440	Rustico, da ristrutturare, 53 m², Sagliano Micca	5000	sale	Rustico	53 m²	1	Sagliano Micca	Regione Moje	Biella	0
126223629	Bilocale Strada Borgo Tinasso 94, Borgo, Sanremo	52275	sale	Bilocale	38 m²	2	Sanremo	Strada Borgo Tinasso	Imperia	0
120327590	Trilocale piazza parrocchiale 12, Cavaglià	29000	sale	Trilocale	80 m²	3	Cavaglià	piazza parrocchiale	Biella	0
102488352	Terratetto unifamiliare Casale Caporale, Zubiena	7000	sale	Terratetto unifamiliare	75 m²	4	Zubiena	Casale Caporale	Biella	0
128857054	Quadrilocale via Umberto Maddalena, Centro, Sesto Calende	139000	sale	Quadrilocale	90 m²	4	Sesto Calende	Via Umberto Maddalena	Varese	0
117400151	Quadrilocale via Libertà 54, Centro, Ronco Biellese	29000	sale	Quadrilocale	88 m²	4	Ronco Biellese	Via Libertà	Biella	0
131383388	Appartamento viale Venezia 4, Chiavazza, Biella	71000	sale	Appartamento	90 m²	5	Biella	Viale Venezia	Biella	0
129649536	Villa bifamiliare via zimone 24, Salussola	790000	sale	Villa bifamiliare	211 m²	5+	Salussola	via zimone	Biella	0
128906518	Trilocale via Della Valle 13, Ceresane Curanuova, Mongrando	28000	sale	Trilocale	87 m²	3	Mongrando	Via Della Valle	Biella	0
127777920	Appartamento via Pier Giorgio Frassati 9, Pollone	1200	rent	Appartamento	350 m²	5+	Pollone	Via Pier Giorgio Frassati	Biella	0
130039468	Terratetto unifamiliare frazione Molinengo, Valdilana	22000	sale	Terratetto unifamiliare	115 m²	4	Valdilana	Frazione Molinengo	Biella	0
130039466	Terratetto unifamiliare frazione molinengo, Valdilana	33000	sale	Terratetto unifamiliare	88 m²	4	Valdilana	Frazione molinengo	Biella	0
129598980	Terratetto unifamiliare Casale Trucchi 26, Trucchi Rossi Filippi, Zubiena	25000	sale	Terratetto unifamiliare	200 m²	5+	Zubiena	Casale Trucchi	Biella	0
122710566	Quadrilocale via Maffei, Centro, Cossato	35000	sale	Quadrilocale	95 m²	4	Cossato	Via Maffei	Biella	0
129680626	Terratetto unifamiliare via luciano debernardi 35, Vermogno, Zubiena	210000	sale	Terratetto unifamiliare	233 m²	5+	Zubiena	via luciano debernardi	Biella	0
131229704	Terratetto unifamiliare via Ambrosetti 27, Sordevolo	92000	sale	Terratetto unifamiliare	155 m²	5+	Sordevolo	Via Ambrosetti	Biella	0
132146218	Terratetto unifamiliare via Pietro Micca 57, Centro, Sala Biellese	35000	sale	Terratetto unifamiliare	100 m²	5+	Sala Biellese	Via Pietro Micca	Biella	0
124122537	Trilocale via Marconi 10, Centro Storico, Biella	73000	sale	Trilocale	70 m²	3	Biella	Via Marconi	Biella	0
114864601	Trilocale frazione Gallotto 5, Gallotto, Valle San Nicolao	22000	sale	Trilocale	65 m²	3	Valle San Nicolao	Frazione Gallotto	Biella	0
132173276	Terratetto unifamiliare via Marigone 18, Occhieppo Inferiore	145000	sale	Terratetto unifamiliare	140 m²	4	Occhieppo Inferiore	Via Marigone	Biella	1
131017126	Appartamento via IV Novembre 50, Candelo	159000	sale	Appartamento	240 m²	5+	Candelo	Via IV Novembre	Biella	0
130696726	Terratetto unifamiliare via Martiri Della Libertà 27 I, Occhieppo Superiore	46000	sale	Terratetto unifamiliare	120 m²	3	Occhieppo Superiore	Via Martiri Della Libertà	Biella	0
99902648	Appartamento via Roma 5, Centro Città, Biella	990	rent	Appartamento	205 m²	5+	Biella	Via Roma	Biella	0
132173278	Trilocale corso del Piazzo 33, Centro Storico, Biella	85000	sale	Trilocale	87 m²	3	Biella	Corso del Piazzo	Biella	0
99881238	Quadrilocale via Roma, Centro Città, Biella	680	rent	Quadrilocale	160 m²	4	Biella	Via Roma	Biella	0
131017134	Trilocale via Garibaldi 165, Pralungo	75000	sale	Trilocale	80 m²	3	Pralungo	Via Garibaldi	Biella	0
131017122	Villa unifamiliare frazione Camasco Alpe Sella 5, Varallo	250000	sale	Villa unifamiliare	245 m²	5+	Varallo	Frazione Camasco Alpe Sella	Vercelli	0
123050733	Villa unifamiliare via pietro Micca, Ponderano	365000	sale	Villa unifamiliare	132 m²	5	Ponderano	Via pietro Micca	Biella	0
131572508	Villa all'asta via Ciambellino 6/2, Albenga	233500	auction	Villa unifamiliare	186 m²	5	Albenga	via Ciambellino	Savona	0
131348646	Terratetto unifamiliare via XXV aprile 66, Bioglio	159000	sale	Terratetto unifamiliare	450 m²	5+	Bioglio	via XXV aprile	Biella	0
128198882	Appartamento via Colombo 4, Centro Storico, Biella	800	rent	Appartamento	140 m²	5	Biella	Via Colombo	Biella	0
128998200	Rustico, buono stato, 95 m², Ingria	9500	sale	Rustico	95 m²	4	Ingria		Torino	0
131196922	Appartamento via Santuario d'Oropa 303, Vandorno, Biella	9900	sale	Appartamento	95 m²	5+	Biella	Via Santuario d'Oropa	Biella	0
131513950	Terratetto unifamiliare via Antoino Gaia 47, Andorno Cacciorna, Andorno Micca	65000	sale	Terratetto unifamiliare	120 m²	4	Andorno Micca	Via Antoino Gaia	Biella	0
131535036	Terratetto unifamiliare via Serratrice 7, Pralungo	32000	sale	Terratetto unifamiliare	80 m²	3	Pralungo	Via Serratrice	Biella	0
131603882	Villa unifamiliare regione Bossola 25, Netro	319000	sale	Villa unifamiliare	280 m²	5+	Netro	Regione Bossola	Biella	0
129931368	Terratetto unifamiliare via Roma 19, Centro, Lessona	90000	sale	Terratetto unifamiliare	360 m²	5+	Lessona	via Roma	Biella	0
132197396	Villa unifamiliare Strada alle Cascine 3, Chiavazza, Biella	1190181	sale	Villa unifamiliare	2140 m²	5+	Biella	Strada alle Cascine	Biella	0
132060894	Villa all'asta Localita' Cassogna snc, Camporosso	404290	auction	Villa unifamiliare	646 m²	5+	Camporosso	Localita' Cassogna	Imperia	0
126552073	Terratetto unifamiliare 300 m², da ristrutturare, Centro, Sagliano Micca	75000	sale	Terratetto unifamiliare	300 m²	5+	Sagliano Micca		Biella	0
131017132	Bilocale nuovo, primo piano, Tollegno	68000	sale	Bilocale	65 m²	2	Tollegno		Biella	0
127411923	Ufficio - Studio Strada Trossi 78, Verrone	139000	sale	Ufficio - Studio	195 m²	3	Verrone	Strada Trossi	Biella	0
127777916	Appartamento via Pier Giorgio Frassati 9, Pollone		sale	Appartamento	350 m²	5+	Pollone	Via Pier Giorgio Frassati	Biella	0
121952074	Ufficio - Studio Strada Trossi 78, Verrone	149000	sale	Ufficio - Studio	300 m²	5	Verrone	Strada Trossi	Biella	0
128498910	Baita, da ristrutturare, 30120 m², Zumaglia	38000	sale	Baita	30120 m²	1	Zumaglia		Biella	0
129649538	Locale commerciale via zimone 24, Salussola	790000	sale	Negozi - Locali commerciali	211 m²	5+	Salussola	via zimone	Biella	0
111178779	Terreno edificabile via Favone, Verrone	70000	sale	Terreno edificabile	2700 m²		Verrone	via Favone	Biella	0
116899471	Masseria Equestrian Team, Masserano	930000	sale	Masseria	80000 m²	1	Masserano	Equestrian Team	Biella	0
125249179	Ufficio - Studio via Don Francesco Cabrio 14D, Masarone, Biella	15000	sale	Ufficio - Studio	35 m²	2	Biella	Via Don Francesco Cabrio	Biella	0
132197394	Terratetto unifamiliare via Dei Campi 43, Candelo	93656	sale	Terratetto unifamiliare	247 m²	5+	Candelo	Via Dei Campi	Biella	0
122499896	Ufficio - Studio via trento 5, Centro Città, Biella	480	rent	Ufficio - Studio	77 m²	4	Biella	Via trento	Biella	0
131050528	Casa indipendente all'asta regione costa borgo 1, Albenga	221970	auction	Terratetto unifamiliare	178 m²	5+	Albenga	regione costa borgo	Savona	0
113208777	Negozio - Locale commerciale via Mazzini 25, Centro, Cossato	35000	sale	Negozi - Locali commerciali	70 m²	3	Cossato	Via Mazzini	Biella	0
104116679	Locale commerciale, Valdengo	550000	sale	Negozi - Locali commerciali	5573 m²	5+	Valdengo		Biella	0
118642587	Negozio - Locale commerciale via Mazzini 25, Centro, Cossato	450	rent	Negozi - Locali commerciali	70 m²	3	Cossato	Via Mazzini	Biella	0
132197032	Villa all'asta strada privata delle Rose 1, Diano San Pietro	385290	auction	Villa bifamiliare	350 m²	5+	Diano San Pietro	strada privata delle Rose	Imperia	0
131229702	Locale commerciale via Piave 4, Centro Città, Biella	35000	sale	Negozi - Locali commerciali	62 m²	2	Biella	Via Piave	Biella	0
93891338	Terreno edificabile, Andorno Cacciorna, Andorno Micca	70000	sale	Terreno edificabile	2200 m²		Andorno Micca	Piazza Salvo D'Acquisto	Biella	0
127088291	Terratetto unifamiliare via Molignati 20, Candelo	70000	sale	Terratetto unifamiliare	140 m²	5	Candelo	Via Molignati	Biella	0
121621304	Terreno edificabile Strada Vaglio Colma, Vaglio, Biella	65000	sale	Terreno edificabile	784 m²		Biella	Strada Vaglio Colma	Biella	0
111757589	Locale commerciale via italia 73, Centro Storico, Biella	800	rent	Negozi - Locali commerciali	70 m²	1	Biella	via italia	Biella	0
111757591	Locale commerciale via italia, Centro Storico, Biella	800	rent	Negozi - Locali commerciali	70 m²	1	Biella	via italia	Biella	0
93862490	Locale commerciale via Zumaglia 1, Centro, Ronco Biellese	290	rent	Negozi - Locali commerciali	25 m²	1	Ronco Biellese	Via Zumaglia	Biella	0
111757597	Locale commerciale via italia, Centro Storico, Biella	900	rent	Negozi - Locali commerciali	30 m²	1	Biella	via italia	Biella	0
98950992	Terreno edificabile Strada regione Casale, Chiavazza, Biella	25000	sale	Terreno edificabile	1000 m²		Biella	Strada Regione Casale	Biella	0
100337160	Negozio - Locale commerciale via Milano 110, Vigliano Biellese	350	rent	Negozi - Locali commerciali	70 m²	2	Vigliano Biellese	Via Milano	Biella	0
129879070	Terratetto unifamiliare via cantono 57, Andorno Micca	53000	sale	Terratetto unifamiliare	250 m²	5+	Andorno Micca	via cantono	Biella	0
129765516	Magazzino - Deposito via Monticello 17, Ceresane Curanuova, Mongrando	49000	sale	Magazzino - Deposito	900 m²		Mongrando	Via Monticello	Biella	0
111757595	Locale commerciale via italia, Centro Storico, Biella	1200	rent	Negozi - Locali commerciali	50 m²	2	Biella	via italia	Biella	0
132197024	Garage - box all'asta via San Rocco snc, Vallecrosia	17630	auction	Garage - Box	16 m²	1	Vallecrosia	Via San Rocco	Imperia	0
132197030	Garage - box all'asta via San Rocco snc, Vallecrosia	16530	auction	Garage - Box	16 m²	1	Vallecrosia	Via San Rocco	Imperia	0
132197028	Garage - box all'asta via San Rocco snc, Vallecrosia	16530	auction	Garage - Box	16 m²	1	Vallecrosia	Via San Rocco	Imperia	0
99346550	Capannone via de fango 17, Centro Storico, Biella	700	rent	Capannone	60 m²	4	Biella	via de fango	Biella	0
101437503	Locale commerciale via della Vittoria 33, Chiavazza, Biella	18000	sale	Negozi - Locali commerciali	55 m²	3	Biella	Via della Vittoria	Biella	0
111757599	Locale commerciale via italia, Centro Storico, Biella	800	rent	Negozi - Locali commerciali	30 m²	1	Biella	via italia	Biella	0
119952634	Terreno agricolo, Andorno Micca	9000	sale	Terreno agricolo	13320 m²		Andorno Micca		Biella	0
132197026	Appartamento all'asta via San Rocco snc, Vallecrosia	16650	auction	Appartamento	16 m²	1	Vallecrosia	Via San Rocco	Imperia	0
96945202	Terreno edificabile frazione Garella, Castelletto Cervo	35000	sale	Terreno edificabile	2000 m²		Castelletto Cervo	Frazione Garella	Biella	0
112836273	Garage - Box via Donato, Masarone, Biella	5000	sale	Garage - Box	11 m²		Biella	Via Donato	Biella	0
111757593	Locale commerciale via italia, Centro Storico, Biella	1000	rent	Negozi - Locali commerciali	70 m²	1	Biella	via italia	Biella	0
112278519	Locale commerciale via Milano 326, Vigliano Biellese	80000	sale	Negozi - Locali commerciali	60 m²	2	Vigliano Biellese	Via Milano	Biella	0
95030398	Terreno edificabile via Pietro Micca 32, Ponderano	48000	sale	Terreno edificabile	1125 m²		Ponderano	Via Pietro Micca	Biella	0
121244198	Locale commerciale, Centro Storico, Biella	55000	sale	Negozi - Locali commerciali	70 m²	2	Biella		Biella	0
93891340	Negozio - Locale commerciale via Milano, Chiavazza, Biella	115000	sale	Negozi - Locali commerciali	60 m²	2	Biella	Via Milano	Biella	0
111791233	Locale commerciale piazza San Paolo, Centro Città, Biella	427000	sale	Negozi - Locali commerciali	427 m²	5+	Biella	Piazza San Paolo	Biella	0
