129488560	Trilocale via Alessandro La Marmora 6, Corso Alessandria, Asti	19900	sale	Trilocale	56 m²	3	Asti	Via Alessandro La Marmora	Asti	0
129019766	Villa bifamiliare via Benedetto Cairoli 4, Centro, Cossombrato	219900	sale	Villa bifamiliare	248 m²	5+	Cossombrato	Via Benedetto Cairoli	Asti	0
129876168	Trilocale corso Casale 175, Corso Alessandria, Asti	99900	sale	Trilocale	80 m²	3	Asti	Corso Casale	Asti	0
130738618	Terratetto unifamiliare via 20 Settembre 62, Centro, Castagnole Monferrato	115900	sale	Terratetto unifamiliare	99 m²	4	Castagnole Monferrato	Via 20 Settembre	Asti	0
129657982	Casale via Massano 1, Rolassa, Calliano	74900	sale	Casale	623 m²	5+	Calliano	Via Massano	Asti	0
115408337	Locale commerciale via Parrocchia, Scurzolengo	39900	sale	Negozi - Locali commerciali	321 m²	4	Scurzolengo	Via Parrocchia	Asti	0
128378350	Terratetto unifamiliare via Camillo Benso di Cavour 17, Centro, Castagnole Monferrato	39900	sale	Terratetto unifamiliare	139 m²	5	Castagnole Monferrato	Via Camillo Benso di Cavour	Asti	0
127341861	Appartamento via Cornelia Cotta 7, Corso alla Vittoria, Asti	219900	sale	Appartamento	226 m²	5+	Asti	Via Cornelia Cotta	Asti	0
124074207	Trilocale corso Alessandria 23, Corso Alessandria, Asti	99900	sale	Trilocale	73 m²	3	Asti	Corso Alessandria	Asti	0
123590837	Appartamento via Domenico Badalin, San Fedele, Asti	259900	sale	Appartamento	182 m²	5+	Asti	Via Domenico Badalin	Asti	0
131618104	Palazzo - Edificio corso Alessandria 125, Corso Alessandria, Asti	769900	sale	Palazzo - Edificio	1452 m²	5+	Asti	Corso Alessandria	Asti	0
127916066	Quadrilocale Strada Praia 34, Corso Alessandria, Asti	19900	sale	Quadrilocale	93 m²	4	Asti	Strada Praia	Asti	0
130166354	Bilocale corso Alessandria 109, Corso Alessandria, Asti	79900	sale	Bilocale	66 m²	2	Asti	Corso Alessandria	Asti	0
126672941	Bilocale via Secondo Pia 20, Corso Alessandria, Asti	49900	sale	Bilocale	57 m²	2	Asti	Via Secondo Pia	Asti	0
131030374	Trilocale corso Alessandria 154, Corso Alessandria, Asti	59900	sale	Trilocale	77 m²	3	Asti	Corso Alessandria	Asti	0
129884428	Trilocale corso Casale 175, Corso Alessandria, Asti	99900	sale	Trilocale	76 m²	3	Asti	Corso Casale	Asti	0
123782933	Villa bifamiliare via Ticino, San Fedele, Asti	369900	sale	Villa bifamiliare	450 m²	5+	Asti	Via Ticino	Asti	0
131434088	Bilocale piazza Leonardo da Vinci 36, Corso alla Vittoria, Asti	34900	sale	Bilocale	43 m²	2	Asti	Piazza Leonardo da Vinci	Asti	0
130993660	Quadrilocale via Edoardo Perroncito 7, Corso Alessandria, Asti	99900	sale	Quadrilocale	88 m²	4	Asti	Via Edoardo Perroncito	Asti	0
131507074	Bilocale piazza Leonardo da Vinci 36, Corso alla Vittoria, Asti	39900	sale	Bilocale	54 m²	2	Asti	Piazza Leonardo da Vinci	Asti	0
123455473	Trilocale corso Alessandria, Corso Alessandria, Asti	59900	sale	Trilocale	79 m²	3	Asti	Corso Alessandria	Asti	0
130606330	Trilocale via Edoardo Baudoin 17, Corso alla Vittoria, Asti	59900	sale	Trilocale	71 m²	3	Asti	Via Edoardo Baudoin	Asti	0
129038912	Trilocale corso Casale 2, Corso Alessandria, Asti	94900	sale	Trilocale	78 m²	3	Asti	Corso Casale	Asti	0
123594435	Appartamento piazza d'Armi, Corso Alessandria, Asti	249900	sale	Appartamento	132 m²	5+	Asti	Piazza d'Armi	Asti	0
129973572	Quadrilocale via Giovanni Pavese 7, Corso Alessandria, Asti	79900	sale	Quadrilocale	110 m²	4	Asti	Via Giovanni Pavese	Asti	0
124049715	Trilocale via Zara, Corso Alessandria, Asti	74900	sale	Trilocale	84 m²	3	Asti	Via Zara	Asti	0
122771958	Trilocale via Giuseppe Ferrero, Corso Alessandria, Asti	129900	sale	Trilocale	87 m²	3	Asti	Via Giuseppe Ferrero	Asti	0
124429363	Villa plurifamiliare via Umberto Calosso, Corso Alessandria, Asti	649900	sale	Villa plurifamiliare	733 m²	5+	Asti	Via Umberto Calosso	Asti	0
129937888	Trilocale corso Alessandria 145A, Corso Alessandria, Asti	69900	sale	Trilocale	72 m²	3	Asti	Corso Alessandria	Asti	0
124046879	Trilocale via Malta, Corso Alessandria, Asti	39900	sale	Trilocale	75 m²	3	Asti	Via Malta	Asti	0
130915490	Quadrilocale corso Savona 12, Corso alla Vittoria, Asti	199900	sale	Quadrilocale	144 m²	4	Asti	Corso Savona	Asti	0
121771974	Trilocale via Gioacchino Rossini 15, Corso alla Vittoria, Asti	94900	sale	Trilocale	72 m²	3	Asti	Via Gioacchino Rossini	Asti	0
130940216	Quadrilocale corso Galileo Ferraris 72, Corso alla Vittoria, Asti	89900	sale	Quadrilocale	85 m²	4	Asti	Corso Galileo Ferraris	Asti	0
131610720	Terratetto unifamiliare via Giuseppe Garibaldi 36, Centro, Castagnole Monferrato	64900	sale	Terratetto unifamiliare	231 m²	5+	Castagnole Monferrato	Via Giuseppe Garibaldi	Asti	0
126097843	Quadrilocale via Antico Ippodromo 15A, Corso Alessandria, Asti	159900	sale	Quadrilocale	108 m²	4	Asti	Via Antico Ippodromo	Asti	0
131353038	Villa unifamiliare regione Case Sparse 3, Castello di Annone	179900	sale	Villa unifamiliare	180 m²	4	Castello di Annone	Regione Case Sparse	Asti	0
126430025	Terratetto unifamiliare via Strada Nazionale, Odalengo Grande	59900	sale	Terratetto unifamiliare	277 m²	5+	Odalengo Grande	Via Strada Nazionale	Alessandria	0
126088079	Appartamento via Umberto Calosso 8, Corso Alessandria, Asti	199900	sale	Appartamento	157 m²	5+	Asti	Via Umberto Calosso	Asti	0
129079896	Trilocale via San Giovanni Bosco 1, Corso alla Vittoria, Asti	39900	sale	Trilocale	72 m²	3	Asti	Via San Giovanni Bosco	Asti	0
131402116	Quadrilocale via Sant'Evasio 29, Corso Alessandria, Asti	99900	sale	Quadrilocale	92 m²	4	Asti	Via Sant'Evasio	Asti	0
131993300	Bilocale corso Alla Vittoria 40, Corso alla Vittoria, Asti	59900	sale	Bilocale	58 m²	2	Asti	Corso Alla Vittoria	Asti	1
125080059	Cascina via Luogo, Camerano, Camerano Casasco	49900	sale	Cascina	321 m²	5+	Camerano Casasco	Via Luogo	Asti	0
128866000	Locale commerciale via Giovanni Pascoli 44, Corso alla Vittoria, Asti	49900	sale	Negozi - Locali commerciali	46 m²	2	Asti	Via Giovanni Pascoli	Asti	0
132054936	Trilocale via Secondo Pia 12, Corso Alessandria, Asti	59900	sale	Trilocale	66 m²	3	Asti	Via Secondo Pia	Asti	0
129874992	Trilocale corso Casale 175, Corso Alessandria, Asti	99900	sale	Trilocale	80 m²	3	Asti	Corso Casale	Asti	0
129856776	Quadrilocale viale Pilone 178, Corso Alessandria, Asti	79900	sale	Quadrilocale	88 m²	4	Asti	Viale Pilone	Asti	0
131917692	Trilocale via Antico Ippodromo 35, Corso Alessandria, Asti	49900	sale	Trilocale	62 m²	3	Asti	Via Antico Ippodromo	Asti	0
127469832	Terratetto plurifamiliare corso Alessandria 464, Corso Alessandria, Asti	249900	sale	Terratetto plurifamiliare	235 m²	5+	Asti	Corso Alessandria	Asti	0
128665354	Villa unifamiliare via Guido Maggiora, Valleversa - Caniglie, Asti	199900	sale	Villa unifamiliare	141 m²	4	Asti	Via Guido Maggiora	Asti	0
127211557	Appartamento via Roccavione, Corso alla Vittoria, Asti	229900	sale	Appartamento	174 m²	5	Asti	Via Roccavione	Asti	0
129876424	Trilocale corso Casale 175, Corso Alessandria, Asti	99900	sale	Trilocale	79 m²	3	Asti	Corso Casale	Asti	0
129873434	Trilocale corso Casale 175, Corso Alessandria, Asti	99900	sale	Trilocale	79 m²	3	Asti	Corso Casale	Asti	0
129875476	Trilocale corso Casale 175, Corso Alessandria, Asti	99900	sale	Trilocale	80 m²	3	Asti	Corso Casale	Asti	0
126824995	Trilocale via Beppe Fenoglio 30, Corso Alessandria, Asti	139900	sale	Trilocale	83 m²	3	Asti	Via Beppe Fenoglio	Asti	0
132066332	Terreno edificabile via Adda 11, San Fedele, Asti	139900	sale	Terreno edificabile	1830 m²		Asti	Via Adda	Asti	0
131901084	Garage - Box via Montebruno 11, Corso alla Vittoria, Asti	12900	sale	Garage - Box	12 m²		Asti	Via Montebruno	Asti	0
128228514	Garage - Box via Olof Palme 10, Corso Alessandria, Asti	19900	sale	Garage - Box	34 m²		Asti	Via Olof Palme	Asti	0
121838614	Garage - Box via Cesare Ricciardi 9, Corso alla Vittoria, Asti	16900	sale	Garage - Box	14 m²		Asti	Via Cesare Ricciardi	Asti	0
